rank,vehicle,as_of,window_start,abs_complaints,all_complaints,abs_share,expected,prr,prr_lo,prr_hi,chi2,ror,ror_lo,ror_hi,ic,ic025,ic975,recent_abs,expected_recent,rate_ratio,surge_p,surge_q,cusum_peak,cusum_alarm,severe,crash,fire,injured,deaths,severe_share,disproportionate,surging,tier_code,tier,score
1,HYUNDAI PALISADE,2026-01,2024-02,204,1122,0.18181818181818182,40.611514788852794,5.191492534531288,4.5716386361426755,5.895390445565603,683.3258978289409,6.122935319982685,5.2470549664291,7.145024622870615,2.3144864078430163,2.1096409120110873,2.505579343832698,77,44.938982147615235,1.7134344464472064,8.649628826620967e-06,0.000259488864798629,22.995620882113844,True,10,9,0,1,0,0.049019607843137254,True,True,2,emerging,59.307301244522705
2,JEEP WRANGLER,2026-01,2024-02,249,2260,0.11017699115044248,81.8021599133755,3.149256065756315,2.7920362639757905,3.552179423909137,358.2243978804533,3.415374792943447,2.9847687586902927,3.908103414145879,1.6000376176471491,1.415212242876382,1.7735932041854208,93,55.20063948840927,1.6847630908248379,2.188481357611504e-06,8.753925430446016e-05,21.90110422629922,True,3,3,0,1,0,0.012048192771084338,True,True,2,emerging,51.08634035905346
3,RAM 2500,2026-01,2024-02,1002,1550,0.6464516129032258,56.10325126802302,22.001542440035113,20.977974091681194,23.075053273739297,16713.728666681334,60.40217295995333,54.181132198392746,67.33750939210432,4.14657350319391,4.055844259846222,4.234499942620254,194,285.91100452970954,0.6785328193963975,0.9999999966401498,1.0,0.710628581422154,False,13,13,0,1,0,0.012974051896207584,True,False,1,persistent,51.0379241516966
4,RAM 3500,2026-01,2024-02,330,606,0.5445544554455446,21.934561463498035,16.020285463612666,14.818306510472944,17.319762292286935,4494.031595782096,33.97932243097563,28.883870896909375,39.97367101484126,3.880855383213165,3.720948715532236,4.032256274318684,77,89.52411404209965,0.8601034573074908,0.9183389404209302,1.0,2.4192394073818084,False,8,8,0,1,0,0.024242424242424242,True,False,1,persistent,50.939279763826015
5,TOYOTA PRIUS,2026-01,2024-02,247,624,0.3958333333333333,22.58608309112669,11.443628465039303,10.346197706640877,12.657464718831065,2313.4877275508175,18.28600573523747,15.53581240797768,21.523046041508174,3.422333201595623,3.236738271999638,3.596567186968918,67,63.69304556354916,1.0519201807228915,0.3557112035625359,0.9602990218756855,1.2947331922020555,False,6,4,0,4,0,0.024291497975708502,True,False,1,persistent,50.33459629266661
6,TOYOTA PRIUS V,2026-01,2024-02,51,111,0.4594594594594595,4.017716703710036,12.812342163236796,10.452205358263592,15.70540436981295,558.406235209443,22.85283300198807,15.716693826364532,33.22912452113082,3.5109067219163714,3.0876022217030044,3.8794139650168797,14,13.092459365840659,1.0693178117876914,0.4371192941402714,0.9648453746503449,1.0149590715595345,False,2,2,0,3,1,0.0392156862745098,True,False,1,persistent,47.748891218357585
7,CHEVROLET TRAVERSE,2026-01,2024-02,56,1128,0.04964539007092199,40.828688664729015,1.3757256271832328,1.0641913903380888,1.7784592306158593,5.5142626472496055,1.3953530853196703,1.0650379708815099,1.828113443786068,0.45110727896431585,0.04832098510690976,0.8039658581169066,42,4.9539035438316015,8.47816265060241,8.74296653099064e-25,1.0491559837188768e-22,44.50544070285083,True,1,1,0,0,0,0.017857142857142856,False,True,2,emerging,41.74776288138475
8,RAM 1500,2026-01,2024-02,551,3670,0.15013623978201635,132.83802074428678,4.530800175638041,4.1735656310762685,4.918612056489443,1399.0843267747255,5.154548459311193,4.6860400960031505,5.669898096273037,2.048272668645289,1.9252646314742974,2.166184870522474,148,142.60165201172396,1.0378561391969865,0.3365979089287007,0.9393430016614903,8.122621672252244,True,13,12,1,3,0,0.023593466424682397,True,False,1,persistent,39.48477699392052
9,LEXUS CT,2026-01,2024-02,18,43,0.4186046511627907,1.5564127771128968,11.60261633648586,8.149419982896145,16.519053642373084,169.5084943315466,19.236500098755677,10.488663394687215,35.28027567715288,3.1693234845007496,2.4262118794908094,3.758645772895615,6,4.246203037569944,1.413027108433735,0.25443533950456826,0.8997789961237699,3.3989794855663567,False,0,0,0,0,0,0.0,True,False,1,persistent,35.63973967559238
10,HYUNDAI AZERA,2026-01,2024-02,9,46,0.1956521739130435,1.6649997150510059,5.413223494719518,3.011047495781343,9.73182543445051,29.121675915481767,6.486710290732373,3.129138517810502,13.446963167784391,2.133560678373584,1.0404944399039096,2.9235568170618462,0,3.1846522781774578,0.0,1.0,1.0,0.0,False,2,0,2,0,0,0.2222222222222222,True,False,1,persistent,35.47276904967373
11,JEEP GRAND CHEROKEE L,2026-01,2024-02,9,185,0.04864864864864865,6.696194506183393,1.3446574729303435,0.7105863430833833,2.544523599569443,0.5048184231394761,1.3622820027960998,0.6968100635004129,2.6632971484646952,0.40069333167439336,-0.6923729067952814,1.1906894703626552,6,1.061550759392486,5.65210843373494,0.0008074429515395929,0.01614885903079186,9.666666666666664,True,4,3,1,0,0,0.4444444444444444,False,True,2,emerging,34.51518025582246
12,TOYOTA PRIUS C,2026-01,2024-02,12,42,0.2857142857142857,1.520217131133527,7.909928698249865,4.899696849336221,12.769559818761639,67.99510323111357,10.673900177549813,5.461696254620676,20.860212594925912,2.629345828889324,1.6991546671482312,3.3305477676327757,4,2.830802025046629,1.4130271084337351,0.3149226486433195,0.8997789961237699,2.166666666666667,False,1,1,0,0,0,0.08333333333333333,True,False,1,persistent,32.90840467276472
13,LEXUS LS,2026-01,2024-02,13,38,0.34210526315789475,1.3754345472160483,9.473237652141403,6.090488230237088,14.73481734492345,93.38021702281746,13.879321231254933,7.0966525966933585,27.144566429829368,2.8476625884333897,1.9580389715688225,3.5255511716699486,6,2.4769517719158007,2.4223321858864026,0.04049910999345203,0.3738379384010956,3.043441112511215,False,0,0,0,0,0,0.0,True,False,1,persistent,31.34813182466518
14,HYUNDAI ACCENT,2026-01,2024-02,16,140,0.11428571428571428,5.067390437111757,3.164258919757439,1.993684940874101,5.022124763040378,22.30724846575627,3.4435181352100117,2.0443789809908774,5.8002049804742875,1.5673928574348979,0.7744649774067847,2.187626070149008,1,5.30775379696243,0.18840361445783133,0.9950469602351077,1.0,0.0,False,3,1,2,0,0,0.1875,True,False,1,persistent,30.871662945783168
15,GMC ACADIA,2026-01,2024-02,21,902,0.02328159645232816,32.64847267339146,0.6417346607889364,0.4201531214669423,0.9801744978593323,3.9753795639287177,0.6331948513412266,0.41038772378623867,0.9769681121696416,-0.6246057394134473,-1.3074969499881244,-0.07381144510113483,14,2.4769517719158007,5.65210843373494,3.7677443059873935e-07,2.260646583592436e-05,22.122556739767894,True,0,0,0,0,0,0.0,False,True,2,emerging,30.687188677892635
16,JEEP COMMANDER,2026-01,2024-02,5,16,0.3125,0.5791303356699151,8.641154452324665,4.175609941156625,17.882309727485524,27.545402133508865,12.114406476108604,4.207623854581693,34.8792689984814,2.349562496842955,0.8220968694570087,3.344310013569888,2,1.061550759392486,1.8840361445783134,0.28687051130061286,0.8997789961237699,1.1666666666666667,False,1,0,1,0,0,0.2,True,False,1,persistent,30.14377322883647
17,RAM 5500,2026-01,2024-02,12,34,0.35294117647058826,1.2306519632985695,9.771645410975596,6.193866254556443,15.41606649442874,88.93379282238017,14.55617927150774,7.20002202177473,29.428014850994135,2.8525405640346078,1.9223494022935148,3.5537425027780594,4,2.830802025046629,1.4130271084337351,0.3149226486433195,0.8997789961237699,2.166666666666667,False,0,0,0,0,0,0.0,True,False,1,persistent,28.845676582793022
18,DODGE JOURNEY,2026-01,2024-02,50,402,0.12437810945273632,14.550649683706617,3.460485289711253,2.666115841574096,4.491537184385006,87.34789323774,3.809986041090692,2.8294381382836646,5.130344939123255,1.746457623455434,1.3186695761800866,2.1183582553371605,9,14.507860378363974,0.6203533646782252,0.9518127289716364,1.0,0.6411257694400812,False,2,1,1,0,0,0.04,True,False,1,persistent,28.071549554587993
19,FORD TRANSIT CONNECT,2026-01,2024-02,19,96,0.19791666666666666,3.4747820140194907,5.484739233504544,3.6632944923690878,8.211833507299998,67.4562539781256,6.591363200213457,3.9864850244964245,10.898339908505319,2.2945264769348155,1.5731563186573847,2.8700885387058293,6,4.600053290700773,1.3043327154772937,0.3142496928780763,0.8997789961237699,2.180253846888515,False,0,0,0,0,0,0.0,True,False,1,persistent,25.811189986074883
20,CHEVROLET EXPRESS,2026-01,2024-02,11,41,0.2682926829268293,1.4840214851541573,7.42620387742339,4.476286447697081,12.320146325182225,56.84909139476413,9.782478632478632,4.899706605466053,19.531146638074762,2.5351343071681507,1.5585966535668516,3.2623682495797173,1,3.538502531308287,0.28260542168674696,0.9709431938226879,1.0,0.09628479399994394,False,0,0,0,0,0,0.0,True,False,1,persistent,24.179439349339976
21,FORD FUSION HYBRID,2026-01,2024-02,12,83,0.14457831325301204,3.0042386162876844,4.001445117617838,2.369459533461756,6.75747477565692,24.942395706254217,4.508731616370148,2.443992401042045,8.317808508646849,1.8347551731649707,0.9045640114238779,2.5359571119084223,1,3.8923527844391157,0.25691401971522454,0.9796027009098531,1.0,0.0,False,1,1,0,0,0,0.08333333333333333,True,False,1,persistent,23.40885961123074
22,HYUNDAI GENESIS COUPE,2026-01,2024-02,7,54,0.12962962962962962,1.9545648828859634,3.5849209477510615,1.7951568905648918,7.159072429363134,10.971829427430453,3.9699091740118586,1.7935560465766531,8.787112552175246,1.611423292835853,0.3511879517975522,2.4852833528135294,1,2.123101518784972,0.47100903614457834,0.8803400751183029,1.0,0.6547005383792517,False,1,0,1,0,0,0.14285714285714285,True,False,1,persistent,20.543232351458474
23,TOYOTA PRIUS PLUG-IN HYBRID,2026-01,2024-02,6,14,0.42857142857142855,0.5067390437111757,11.853230119634059,6.4697638020623165,21.716258671485697,51.05503650879766,19.993152709359606,6.9345586622102715,57.64262366660368,2.6907499465473323,1.3147609804815674,3.618827502912269,0,2.123101518784972,0.0,1.0,1.0,0.0,False,0,0,0,0,0,0.0,True,False,1,persistent,20.0341494098008
24,CHEVROLET MALIBU,2026-01,2024-02,24,893,0.026875699888017916,32.32271185957713,0.7412899441329648,0.499097883336712,1.1010080379401879,1.9769221912427468,0.7341449023138522,0.4889072751182558,1.1023945950958716,-0.4219126920837303,-1.05682963725382,0.09723714164143864,13,3.8923527844391157,3.3398822562979187,0.00021167386681057764,0.005080172803453863,8.941771777751091,True,0,0,0,0,0,0.0,False,True,2,emerging,19.237407752192258
25,LINCOLN MKX,2026-01,2024-02,10,97,0.10309278350515463,3.51097765999886,2.851854186022399,1.5846597357326953,5.132377705408796,10.607062257521156,3.06471098901348,1.591865024170554,5.90028256389008,1.3883634920037042,0.35822104609142386,2.1449344648751993,1,3.1846522781774578,0.31400602409638556,0.9586073635781647,1.0,0.20710678118654746,False,1,1,0,0,0,0.1,True,False,1,persistent,17.965108194480774
26,NISSAN KICKS,2026-01,2024-02,20,179,0.11173184357541899,6.479020630307175,3.0951332293505267,2.046014728033166,4.682199779001068,27.185867599868892,3.3586720003380144,2.107897582285989,5.351625098227401,1.5545274081449236,0.853158181966954,2.1172823238687943,7,4.600053290700773,1.5217215013901761,0.18197799737602924,0.8398984494278273,1.1414151982703553,False,0,0,0,0,0,0.0,True,False,1,persistent,17.67848248612303
27,CADILLAC SRX,2026-01,2024-02,17,172,0.09883720930232558,6.225651108451587,2.7364478856680994,1.7412319756778627,4.300487893384953,17.614382166049523,2.9268970086123427,1.7725273298823951,4.83305727059919,1.379609075600825,0.6127522261926435,1.9837712032732597,5,4.246203037569944,1.1775225903614457,0.41914534778657553,0.9648453746503449,1.898979485566357,False,0,0,0,0,0,0.0,True,False,1,persistent,14.200642672952887
